,center_type,books_scanned,percent
0,,15540,0.2325930866270051
1,academic,1229836,18.40742286261322
2,archive,20359,0.3047208912895236
3,bpo,4048396,60.593881694235584
4,government,679532,10.170813728559978
5,hq,184076,2.755135457783307
6,museum,35328,0.528767603884095
7,public,468129,7.006664675007289
